<application>
  <component name="libraryTable">
    <library name="Python 3.7 interpreter library">
      <CLASSES>
        <root url="file:///usr/lib64/python3.7" />
        <root url="file:///usr/lib64/python3.7/lib-dynload" />
        <root url="file://$USER_HOME$/.local/lib/python3.7/site-packages" />
        <root url="file:///usr/local/lib64/python3.7/site-packages" />
        <root url="file:///usr/local/lib/python3.7/site-packages" />
        <root url="file:///usr/lib64/python3.7/site-packages" />
        <root url="file:///usr/lib/python3.7/site-packages" />
        <root url="file://$USER_HOME$/.IntelliJIdea2019.2/system/python_stubs/-1247971762" />
        <root url="file://$APPLICATION_PLUGINS_DIR$/python/helpers/python-skeletons" />
        <root url="file://$APPLICATION_PLUGINS_DIR$/python/helpers/typeshed/stdlib/3" />
        <root url="file://$APPLICATION_PLUGINS_DIR$/python/helpers/typeshed/stdlib/2and3" />
        <root url="file://$APPLICATION_PLUGINS_DIR$/python/helpers/typeshed/third_party/3" />
        <root url="file://$APPLICATION_PLUGINS_DIR$/python/helpers/typeshed/third_party/2and3" />
      </CLASSES>
      <JAVADOC />
      <SOURCES>
        <root url="file:///usr/lib64/python3.7" />
        <root url="file:///usr/lib64/python3.7/lib-dynload" />
        <root url="file://$USER_HOME$/.local/lib/python3.7/site-packages" />
        <root url="file:///usr/local/lib64/python3.7/site-packages" />
        <root url="file:///usr/local/lib/python3.7/site-packages" />
        <root url="file:///usr/lib64/python3.7/site-packages" />
        <root url="file:///usr/lib/python3.7/site-packages" />
        <root url="file://$USER_HOME$/.IntelliJIdea2019.2/system/python_stubs/-1247971762" />
        <root url="file://$APPLICATION_PLUGINS_DIR$/python/helpers/python-skeletons" />
        <root url="file://$APPLICATION_PLUGINS_DIR$/python/helpers/typeshed/stdlib/3" />
        <root url="file://$APPLICATION_PLUGINS_DIR$/python/helpers/typeshed/stdlib/2and3" />
        <root url="file://$APPLICATION_PLUGINS_DIR$/python/helpers/typeshed/third_party/3" />
        <root url="file://$APPLICATION_PLUGINS_DIR$/python/helpers/typeshed/third_party/2and3" />
      </SOURCES>
    </library>
  </component>
</application>